{"Fid":"czz2niXCReKEn1772KBgDl","Status":3,"AuthToken":"eyJhbGciOiJFUzI1NiIsInR5cCI6IkpXVCJ9.eyJhcHBJZCI6IjE6MTAxNjc4NjQ0NTg4MjphbmRyb2lkOjI2MWUxNWI4MDZlYmMwOGJlZTc3MDMiLCJleHAiOjE3NTg0MjE0ODcsImZpZCI6ImN6ejJuaVhDUmVLRW4xNzcyS0JnRGwiLCJwcm9qZWN0TnVtYmVyIjoxMDE2Nzg2NDQ1ODgyfQ.AB2LPV8wRQIhAM9Al5dBZi05DVrNliXx7_RJJNI4YYOmoIJV1zdgVTmqAiBP9tV25eMkXcMZryf4CGXgua0emXiejyBC4qqNo9PWpg","RefreshToken":"3_AS3qfwIR7Q-WL3ua2RY0AYvUzanDA5sXJKKnDCy7WuHqHetNVDepsAJ60F8Ta_QFpy-uLNC0s1upBVXa6Anmzv1VaLaj27sY-qKm-u4zi0dvxus","TokenCreationEpochInSecs":1757816686,"ExpiresInSecs":604800}