{"Fid":"e3ngDMJnQV-Zm_a2OVjn9D","Status":3,"AuthToken":"eyJhbGciOiJFUzI1NiIsInR5cCI6IkpXVCJ9.eyJhcHBJZCI6IjE6MTAxNjc4NjQ0NTg4MjphbmRyb2lkOjI2MWUxNWI4MDZlYmMwOGJlZTc3MDMiLCJleHAiOjE3NjA4MDI1ODcsImZpZCI6ImUzbmdETUpuUVYtWm1fYTJPVmpuOUQiLCJwcm9qZWN0TnVtYmVyIjoxMDE2Nzg2NDQ1ODgyfQ.AB2LPV8wRgIhANe9Mle80EtuyTbn9KAX1UgOzvE2OpEG6URjfdQNwW2UAiEAntJKmaRk1iOmGKulpZAajgfqlluNTKBu312ybZDEWo0","RefreshToken":"3_AS3qfwIydZkBHOF1WnQHZvAHHeAYTSXa47wP__K0AOpY5imuLSQV2Wsy9j8L_3Cv70-HN89zNXzhxII_qsdmvZqkIDz6JGW-HQAnBvw6N7NwSw","TokenCreationEpochInSecs":1760197787,"ExpiresInSecs":604800}