{"Fid":"cmOvk-qYQSi2Te_ZR66nsK","Status":3,"AuthToken":"eyJhbGciOiJFUzI1NiIsInR5cCI6IkpXVCJ9.eyJhcHBJZCI6IjE6MTAxNjc4NjQ0NTg4MjphbmRyb2lkOjI2MWUxNWI4MDZlYmMwOGJlZTc3MDMiLCJleHAiOjE3NjA1MDY5MjAsImZpZCI6ImNtT3ZrLXFZUVNpMlRlX1pSNjZuc0siLCJwcm9qZWN0TnVtYmVyIjoxMDE2Nzg2NDQ1ODgyfQ.AB2LPV8wRgIhAIEr9yrqm5SBkXEwKLc4gDLTLRLVM55qfgl2yYN0ZQZSAiEAywEDaYsVvpLAaQt0p4DFRu0Tgr-sSPFDg-12lsioFQk","RefreshToken":"3_AS3qfwJrXdZVhJjWtMNQz2hPZdXBvGX3E_YvFTMGdELNG3WNyJeyaRwV634DsoBT1i98ZcST9ECvZVDmIfAU8IC5r3Yv1rQRVYNZZiQlQRaPRUk","TokenCreationEpochInSecs":1759902120,"ExpiresInSecs":604800}