{"Fid":"cSG1RCuUTauvYAl_uYKxND","Status":3,"AuthToken":"eyJhbGciOiJFUzI1NiIsInR5cCI6IkpXVCJ9.eyJhcHBJZCI6IjE6MTAxNjc4NjQ0NTg4MjphbmRyb2lkOjI2MWUxNWI4MDZlYmMwOGJlZTc3MDMiLCJleHAiOjE3NTg2MDMxNTYsImZpZCI6ImNTRzFSQ3VVVGF1dllBbF91WUt4TkQiLCJwcm9qZWN0TnVtYmVyIjoxMDE2Nzg2NDQ1ODgyfQ.AB2LPV8wRQIhANKdIasAXCcBPtuArryAg0jgUP9zZQGHvmzevabY-_qmAiAUXvz5t8xrQnWiAvTA-o5Ust7wPBaXTifXFkPDBKxi8w","RefreshToken":"3_AS3qfwLULBmjPemPwY9lq1rdFr-vAsouvSuMuchONMtR6Ki2fmrxCpvD3o3nWiqiri1RR3aUyReNa0EehQir_JT_g8l8nO9CuF0A0DfVp5v20Lc","TokenCreationEpochInSecs":1757998357,"ExpiresInSecs":604800}