<?xml version='1.0' encoding='utf-8' standalone='yes' ?>
<map>
    <string name="prev_event_name">home_screen_opened</string>
    <long name="prev_event_timestamp" value="1760264143823" />
    <int name="appsFlyerInAppEventCount" value="17" />
    <long name="prev_session_dur" value="9" />
    <string name="afUninstallToken">cmOvk-qYQSi2Te_ZR66nsK:APA91bEJSFrs6wp2n8ArRIiz7MDP-hjLs6nWPRBfGcWcyE42wVyefXVn8ttLHHyn2xszlJYP4-1DT06Rzz1gISxNST1IGVOMd2PpxH3DDmYR_6Q33kdAdOI</string>
    <boolean name="ddl_sent" value="true" />
    <long name="af_rc_max_age" value="86400" />
    <string name="sentSuccessfully">true</string>
    <string name="af_remote_config">eyJmZWF0dXJlcyI6e30sInZlciI6ImRlZmF1bHQudjEuMTYzNzE0OTUyOSJ9</string>
    <int name="versionCode" value="115" />
    <boolean name="sentRegisterRequestToAF" value="true" />
    <string name="savedProperties">{&quot;uid&quot;:&quot;1759895892423-8598723624351720915&quot;,&quot;onelinkVersion&quot;:&quot;3&quot;,&quot;waitForCustomerId&quot;:&quot;false&quot;,&quot;logLevel&quot;:&quot;0&quot;,&quot;oneLinkSlug&quot;:&quot;tlS1&quot;,&quot;onelinkDomain&quot;:&quot;viralo.onelink.me&quot;,&quot;AppUserId&quot;:&quot;cmd9wpnfq2pdjqemknqpvqh2e&quot;,&quot;onelinkScheme&quot;:&quot;viralo:\/\/&quot;}</string>
    <string name="AF_INSTALLATION">1759895892423-8598723624351720915</string>
    <boolean name="afUninstallToken_queued" value="false" />
    <int name="appsFlyerCount" value="20" />
    <long name="af_rc_timestamp" value="1760200902647" />
    <long name="AppsFlyerTimePassedSincePrevLaunch" value="1760264138477" />
    <boolean name="newGPReferrerSent" value="true" />
    <string name="appsFlyerFirstInstall">2025-10-08_092813+0530</string>
    <long name="afUninstallToken_received_time" value="1760264145635" />
    <string name="attributionId">{&quot;install_time&quot;:&quot;2025-10-08 03:58:18.387&quot;,&quot;af_message&quot;:&quot;organic install&quot;,&quot;af_status&quot;:&quot;Organic&quot;,&quot;is_first_launch&quot;:false}</string>
</map>
