<?xml version='1.0' encoding='utf-8' standalone='yes' ?>
<map>
    <set name="fire-transport/18.2.0 fire-installations/18.0.0 android-installer/bin.mt.plus.canary android-min-sdk/24 device-name/RMX3785IN device-brand/realme fire-android/33 react-native-firebase/21.7.4 device-model/RE5C6CL1 fire-core/21.0.0 fire-core-ktx/21.0.0 android-platform/ fire-fcm/24.1.0 android-target-sdk/35 kotlin/1.9.25">
        <string>2025-10-10</string>
        <string>2025-10-09</string>
        <string>2025-10-08</string>
    </set>
    <set name="fire-transport/18.2.0 fire-installations/18.0.0 android-min-sdk/24 device-model/29e08716be91326f fire-android/33 react-native-firebase/21.7.4 android-installer/com.android.vending fire-core/21.0.0 device-name/12305bc3a42a3bf6 fire-core-ktx/21.0.0 device-brand/6cb4a984dcc4d04e android-platform/ fire-fcm/24.1.0 android-target-sdk/27 kotlin/1.9.25">
        <string>2025-10-11</string>
    </set>
    <long name="fire-count" value="5" />
    <string name="last-used-date">2025-10-12</string>
    <long name="fire-global" value="1760263699010" />
</map>
