<?xml version='1.0' encoding='utf-8' standalone='yes' ?>
<map>
    <long name="fire-count" value="1" />
    <string name="last-used-date">2025-10-11</string>
    <long name="fire-global" value="1760197785911" />
    <set name="device-brand/vivo fire-transport/18.2.0 fire-installations/18.0.0 android-min-sdk/24 react-native-firebase/21.7.4 fire-android/34 fire-core/21.0.0 device-model/V2154 fire-core-ktx/21.0.0 android-installer/com.google.android.packageinstaller android-platform/ device-name/V2154i fire-fcm/24.1.0 kotlin/1.9.25 android-target-sdk/36">
        <string>2025-10-11</string>
    </set>
</map>
